Domain,Status,Attractiveness,Demand,Length,Sectors,Created,Expires,Registrar
brief.deals,available,124,19%,5,"Business,Education,General,Law",,,
second.deals,available,120,23%,6,"General,Mathematics",,,
complete.deals,available,120,21%,8,"Manufacturing,Retail,Technology",,,
tenth.deals,available,116,7%,5,Mathematics,,,
flat.deals,resell,116,23%,4,"Construction,Real Estate",05/02/2025 22:31,05/02/2026 22:31,Dynadot Inc
equal.deals,available,116,19%,5,"Education,General,Law",,,
tonic.deals,available,114,22%,5,"Health and Fitness,Medicine,Science",,,
acute.deals,available,112,9%,5,"Mathematics,Medicine,Science",,,
above.deals,available,112,22%,5,Business,,,
hotshot.deals,available,112,14%,7,"Business,Entertainment,Sports",,,
abstract.deals,available,108,29%,8,"Arts,Humanities,Science",,,
abiding.deals,available,106,5%,7,"General,Religion",,,
active.deals,available,104,27%,6,"Health and Fitness,Sports,Travel",,,
absent.deals,available,102,8%,6,"Business,Education,Technology",,,
extra.deals,available,102,26%,5,"Fashion,Retail,Technology",,,
eight.deals,available,102,23%,5,"General,Mathematics",,,
captive.deals,available,102,14%,7,"Entertainment,Hospitality,Technology",,,
whiz.deals,available,100,12%,4,"Business,Education,Technology",,,
eighth.deals,available,100,6%,6,Mathematics,,,
third.deals,available,100,15%,5,Mathematics,,,
sixth.deals,available,100,8%,5,Mathematics,,,
remove.deals,available,100,13%,6,"Construction,Manufacturing,Technology",,,
abrupt.deals,available,100,3%,6,"Medicine,Science",,,
adjunct.deals,available,100,5%,7,Education,,,
ninth.deals,available,100,9%,5,Mathematics,,,
whizz.deals,available,98,11%,5,"Business,Education,Technology",,,
academic.deals,available,96,20%,8,"Education,Humanities,Science",,,
doable.deals,available,96,9%,6,"Business,Education,Technology",,,
actual.deals,resell,96,22%,6,"Real Estate,Retail,Technology",18/12/2024 14:19,18/12/2025 14:19,Domain Science Kutatási Szolgáltató Korlátolt Felelősségű Társaság
forgiving.deals,available,96,3%,9,"Healthcare,Religion",,,
alamode.deals,available,96,12%,9,Fashion,,,
adequate.deals,available,94,9%,8,"Education,Healthcare,Technology",,,
virtuoso.deals,available,94,16%,8,"Arts,Entertainment",,,
abject.deals,available,94,7%,6,Humanities,,,
around.deals,available,94,22%,6,"Business,General,Media,Technology",,,
about.deals,available,94,28%,5,"Business,General,Media,Technology",,,
exemplary.deals,available,92,5%,9,"Business,Education,Healthcare",,,
abroad.deals,available,92,12%,6,"Hospitality,Travel",,,
adjective.deals,available,92,5%,9,Education,,,
adept.deals,available,92,24%,5,"Education,Health and Fitness,Sports",,,
neutral.deals,available,92,20%,7,"Business,Media,Politics",,,
nought.deals,available,92,4%,6,Mathematics,,,
derelict.deals,available,92,7%,8,"Construction,Real Estate",,,
twentieth.deals,available,92,3%,9,Mathematics,,,
gripping.deals,available,90,3%,8,"Entertainment,Media,Technology",,,
leash.deals,available,90,7%,5,"General,Health and Fitness,Retail",,,
abortive.deals,available,90,1%,8,"Medicine,Science",,,
clear.deals,available,90,47%,5,"Manufacturing,Retail,Technology",,,
riveting.deals,available,90,6%,8,"Entertainment,Media,Technology",,,
addictive.deals,available,90,9%,9,Healthcare,,,
adoring.deals,available,90,2%,7,"Entertainment,Fashion,Retail",,,
endearing.deals,available,90,1%,9,"Entertainment,Fashion,Retail",,,
additional.deals,available,90,8%,10,"Fashion,Retail,Technology",,,
sixteen.deals,available,88,10%,7,Mathematics,,,
wide.deals,available,88,18%,4,"Business,Media,Technology",,,
hundred.deals,available,88,13%,7,Mathematics,,,
adlib.deals,available,88,7%,6,Entertainment,,,
proficient.deals,available,88,8%,10,"Education,Health and Fitness,Sports",,,
three.deals,available,88,23%,5,Mathematics,,,
twelve.deals,available,88,18%,6,"General,Mathematics",,,
activist.deals,available,88,12%,8,"Humanities,Politics",,,
eleven.deals,available,88,32%,6,Mathematics,,,
actionable.deals,available,88,13%,10,"Business,Law",,,
adolescent.deals,available,86,3%,10,"Education,Entertainment,Healthcare",,,
recondite.deals,available,86,4%,9,"Arts,Humanities,Science",,,
intent.deals,available,86,25%,6,"Business,Education,Technology",,,
cipher.deals,available,86,29%,6,Mathematics,,,
aboriginal.deals,available,86,10%,10,Humanities,,,
star.deals,available,86,40%,4,"Entertainment,Media,Sports",,,
attendant.deals,available,86,5%,9,"Healthcare,Hospitality,Transportation",,,
extempore.deals,available,86,3%,9,Entertainment,,,
xix.deals,available,86,10%,3,Mathematics,,,
engrossing.deals,available,86,0%,10,"Entertainment,Media,Technology",,,
xiv.deals,available,86,12%,3,Mathematics,,,
thousand.deals,available,84,8%,8,Mathematics,,,
twentytwo.deals,available,84,10%,10,Mathematics,,,
nineteen.deals,available,84,8%,8,Mathematics,,,
thirteen.deals,available,84,10%,8,Mathematics,,,
twentyone.deals,available,84,13%,10,Mathematics,,,
seventeen.deals,available,84,7%,9,Mathematics,,,
deviate.deals,available,84,12%,7,"Medicine,Science",,,
adjustable.deals,available,84,3%,10,"Manufacturing,Retail,Technology",,,
fourteen.deals,available,84,8%,8,Mathematics,,,
acting.deals,available,84,12%,6,Entertainment,,,
grand.deals,available,84,25%,5,"Finance,General",,,
abdominal.deals,available,82,1%,9,"Health and Fitness,Medicine",,,
cleansing.deals,available,82,3%,9,Health and Fitness,,,
good.deals,resell,82,47%,4,"Food and Beverage,General,Health and Fitness,Retail",27/07/2015 12:36,27/07/2026 12:36,"GoDaddy.com, LLC"
fivesome.deals,available,82,1%,8,Sports,,,
abroach.deals,available,82,1%,7,Food and Beverage,,,
dozen.deals,available,82,10%,5,Mathematics,,,
enduring.deals,available,82,9%,8,"Health and Fitness,Religion",,,
abkhaz.deals,available,82,1%,6,Geography,,,
altered.deals,available,82,9%,7,"Medicine,Science",,,
absorbent.deals,available,82,3%,9,"Healthcare,Manufacturing,Retail",,,
abenaki.deals,available,82,2%,7,Geography,,,
decade.deals,available,82,10%,6,Mathematics,,,
impromptu.deals,available,82,16%,9,Entertainment,,,
worshipful.deals,available,80,1%,10,"Education,Healthcare,Religion",,,
absurd.deals,available,80,16%,6,"Arts,Entertainment,Media",,,
adoptable.deals,available,80,3%,9,"Education,Healthcare",,,
first.deals,resell,80,34%,5,"General,Mathematics",08/04/2025 15:15,08/04/2026 15:15,"Sav.com, LLC - 36"
absorbable.deals,available,80,0%,10,"Healthcare,Pharmaceuticals,Science",,,
abundant.deals,available,80,19%,8,"Agriculture,Manufacturing,Retail",,,
two.deals,available,80,23%,3,Mathematics,,,
sequent.deals,available,80,7%,7,"Healthcare,Insurance,Transportation",,,
wiz.deals,resell,80,30%,3,"Business,Education,Technology",31/07/2025 15:15,31/07/2026 15:15,Domain Science Kutatási Szolgáltató Korlátolt Felelősségű Társaság
yard.deals,available,80,25%,4,"Construction,General",,,
seventh.deals,available,80,10%,7,Mathematics,,,
absolute.deals,available,80,25%,8,"Engineering,Mathematics,Science",,,
able.deals,available,80,29%,4,"Business,Education,General,Technology",,,
dorsal.deals,available,80,6%,6,"Medicine,Science",,,
capable.deals,available,80,12%,7,"Business,Education,Technology",,,
superstar.deals,available,80,18%,9,Entertainment,,,
trio.deals,available,80,21%,4,Entertainment,,,
accurate.deals,available,78,16%,8,"Engineering,Mathematics,Science",,,
adorable.deals,available,78,8%,8,"Entertainment,Fashion,Retail",,,
accepted.deals,available,78,6%,8,"Business,Education,Technology",,,
accessible.deals,available,78,21%,10,"Healthcare,Retail,Technology",,,
recognized.deals,available,78,3%,10,"Business,Education,Technology",,,
adjacent.deals,available,78,9%,8,"Construction,Real Estate,Retail",,,
acceptant.deals,available,78,1%,9,"Education,Healthcare",,,
abounding.deals,available,78,2%,9,Agriculture,,,
low.deals,available,78,20%,3,"Business,Finance",,,
abkhasian.deals,available,78,1%,9,Geography,,,
acceptable.deals,available,78,5%,10,"Business,Hospitality,Retail",,,
abkhazian.deals,available,78,1%,9,Geography,,,
dormant.deals,available,78,4%,7,"Medicine,Science",,,
athletic.deals,available,78,15%,8,"Health and Fitness,Sports",,,
absorptive.deals,available,78,1%,10,"Healthcare,Manufacturing,Retail",,,
adrenal.deals,available,78,4%,7,"Education,Healthcare,Science",,,
twentysix.deals,available,78,8%,10,Mathematics,,,
accidental.deals,available,78,11%,10,"Healthcare,Insurance,Transportation",,,
recognised.deals,available,78,3%,10,"Business,Education,Technology",,,
sixtynine.deals,available,78,8%,10,Mathematics,,,
honestly.deals,available,78,9%,8,"Business,Law",,,
acoustic.deals,available,76,14%,8,Science,,,
incidental.deals,available,76,4%,10,"Healthcare,Insurance,Transportation",,,
fifteenth.deals,available,76,2%,9,Mathematics,,,
threed.deals,available,76,7%,7,Technology,,,
ancillary.deals,available,76,6%,9,"Healthcare,Manufacturing,Technology",,,
obscene.deals,available,76,5%,7,"Entertainment,Media",,,
adherent.deals,available,76,4%,8,"Politics,Religion",,,
adipose.deals,available,76,2%,7,"Healthcare,Science",,,
thirteenth.deals,available,76,3%,10,Mathematics,,,
eighteen.deals,available,76,7%,8,Mathematics,,,
ague.deals,available,76,2%,4,"Geography,Medicine,Science",,,
adaptable.deals,available,76,9%,9,"Business,Education,Technology",,,
auxiliary.deals,available,76,7%,9,"Healthcare,Manufacturing,Technology",,,
thousandth.deals,available,76,1%,10,Mathematics,,,
resultant.deals,available,76,2%,9,"Healthcare,Insurance,Transportation",,,
nineteenth.deals,available,76,3%,10,Mathematics,,,
addable.deals,available,76,2%,7,"Engineering,Mathematics,Science",,,
hundredth.deals,available,76,1%,9,Mathematics,,,
ventral.deals,available,76,3%,7,Science,,,
fourteenth.deals,available,76,2%,10,Mathematics,,,
firstrate.deals,available,76,6%,10,Business,,,
adhesive.deals,available,76,7%,8,"Construction,Manufacturing,Technology",,,
energizing.deals,available,76,3%,10,"Food and Beverage,Health and Fitness,Travel",,,
improvise.deals,available,76,4%,9,Entertainment,,,
adaptive.deals,available,76,28%,8,"Business,Education,Technology",,,
playing.deals,available,74,12%,7,Entertainment,,,
admirable.deals,available,74,5%,9,"Business,Education,Healthcare",,,
skilful.deals,available,74,3%,7,"Education,Health and Fitness,Sports",,,
supra.deals,available,74,25%,5,"Medicine,Science",,,
abnormal.deals,available,74,16%,8,"Medicine,Science",,,
manageable.deals,available,74,4%,10,"Business,Education,Technology",,,
broad.deals,available,74,13%,5,"Entertainment,General,Media",,,
acuate.deals,available,74,2%,6,"Engineering,Medicine,Science",,,
aberrant.deals,available,74,6%,8,"Medicine,Science",,,
adenoid.deals,available,74,1%,7,"Health and Fitness,Medicine,Science",,,
single.deals,available,74,19%,6,Sports,,,
activated.deals,available,74,9%,9,"Healthcare,Manufacturing,Technology",,,
cleared.deals,available,74,7%,7,"Healthcare,Law,Transportation",,,
realizable.deals,available,74,1%,10,"Business,Education,Technology",,,
sensation.deals,available,74,7%,9,"Entertainment,Media,Sports",,,
achievable.deals,available,74,4%,10,"Business,Education,Technology",,,
mavin.deals,available,74,7%,5,"Entertainment,Fashion,Technology",,,
adapted.deals,available,74,6%,7,"Healthcare,Manufacturing,Technology",,,
adrenergic.deals,available,74,1%,10,"Education,Healthcare,Science",,,
adamant.deals,available,74,14%,7,Religion,,,
accepting.deals,available,74,3%,9,"Education,Healthcare",,,
absorbed.deals,available,72,2%,8,"Entertainment,Media,Technology",,,
champion.deals,available,72,28%,8,"Entertainment,Health and Fitness,Sports",,,
addicted.deals,available,72,9%,8,Healthcare,,,
existent.deals,available,72,3%,8,"Mathematics,Science",,,
ternary.deals,available,72,7%,7,Mathematics,,,
accustomed.deals,available,72,1%,10,"Business,Education,Humanities",,,
trinity.deals,available,72,18%,7,Religion,,,
adjectival.deals,available,72,1%,10,Education,,,
improvize.deals,available,72,1%,9,Entertainment,,,
sixtieth.deals,available,72,1%,8,Mathematics,,,
adiabatic.deals,available,72,3%,9,"Engineering,Science",,,
abreast.deals,available,72,2%,7,"Business,Technology",,,
absolutist.deals,available,72,1%,10,"Humanities,Law,Politics",,,
eightieth.deals,available,72,1%,9,Mathematics,,,
ninetieth.deals,available,72,1%,9,Mathematics,,,
adonic.deals,available,72,2%,6,"Arts,Education,Entertainment",,,
accusative.deals,available,72,0%,10,"Humanities,Law",,,
engrossed.deals,available,72,1%,9,"Entertainment,Media,Technology",,,
adaptative.deals,available,72,1%,10,"Business,Education,Technology",,,
seventieth.deals,available,72,1%,10,Mathematics,,,
adjunctive.deals,available,72,1%,10,"Healthcare,Manufacturing,Technology",,,
ablaze.deals,available,72,6%,6,Entertainment,,,
abloom.deals,available,72,5%,6,Agriculture,,,
deep.deals,resell,72,41%,4,"Engineering,Mathematics,Science",08/01/2025 19:01,08/01/2026 19:01,"Sav.com, LLC"
trey.deals,available,72,13%,4,Sports,,,
aching.deals,available,72,4%,6,Healthcare,,,
tiptop.deals,available,70,24%,6,Fashion,,,
practiced.deals,available,70,3%,9,"Education,Health and Fitness,Sports",,,
absorbing.deals,available,70,3%,9,"Entertainment,Media,Technology",,,
recumbent.deals,available,70,2%,9,"Healthcare,Medicine,Science",,,
stillborn.deals,available,70,2%,9,"Medicine,Science",,,
abulic.deals,available,70,1%,6,Medicine,,,
lowdown.deals,available,70,6%,8,"Entertainment,Media",,,
acuminate.deals,available,70,1%,9,"Engineering,Medicine,Science",,,
abradant.deals,available,70,1%,8,"Construction,Manufacturing",,,
accumbent.deals,available,70,1%,9,"Healthcare,Medicine,Science",,,
gymnastic.deals,available,70,3%,9,"Entertainment,Sports",,,
adamantine.deals,available,70,4%,10,Religion,,,
admired.deals,available,70,5%,7,"Business,Education,Healthcare",,,
consequent.deals,available,70,3%,10,"Business,Education,General,Technology",,,
skillful.deals,available,70,9%,8,"Education,Health and Fitness,Sports",,,
miserable.deals,available,70,4%,9,Humanities,,,
adjusted.deals,available,70,5%,8,"Manufacturing,Retail,Technology",,,
adored.deals,available,70,6%,6,"Entertainment,Fashion,Retail",,,
unity.deals,available,70,38%,5,Mathematics,,,
offhand.deals,available,70,2%,7,Entertainment,,,
achaian.deals,available,68,2%,7,Humanities,,,
fiftieth.deals,available,68,1%,8,Mathematics,,,
abnaki.deals,available,68,1%,6,Geography,,,
ablative.deals,available,68,3%,8,Science,,,
aroused.deals,available,68,3%,7,"Entertainment,Health and Fitness",,,
abkhas.deals,available,68,0%,6,Geography,,,
foursome.deals,available,68,4%,8,Sports,,,
licenced.deals,available,68,2%,8,"Business,Healthcare,Insurance",,,
aberdonian.deals,available,68,1%,10,Geography,,,
scurvy.deals,available,68,3%,6,Humanities,,,
septenary.deals,available,68,2%,9,Mathematics,,,
threesome.deals,available,68,5%,9,Entertainment,,,
overseas.deals,available,68,12%,8,"Hospitality,Travel",,,
aculeate.deals,available,68,1%,8,"Engineering,Medicine,Science",,,
vindicated.deals,available,68,2%,10,"Humanities,Law,Politics",,,
achaean.deals,available,68,2%,7,Humanities,,,
activating.deals,available,68,3%,10,"Healthcare,Manufacturing,Technology",,,
thirtieth.deals,available,68,1%,9,Mathematics,,,
abducent.deals,available,68,0%,8,Medicine,,,
accredited.deals,available,68,9%,10,"Business,Education,Healthcare",,,
fortieth.deals,available,68,1%,8,Mathematics,,,
octonary.deals,available,68,1%,8,Mathematics,,,
decorated.deals,available,68,3%,9,"Entertainment,Fashion,Retail",,,
acerate.deals,available,68,1%,7,Science,,,
disciple.deals,available,68,14%,8,"Education,Religion",,,
stygian.deals,available,68,5%,7,Humanities,,,
sevener.deals,available,68,1%,7,Mathematics,,,
ennead.deals,available,68,5%,6,Mathematics,,,
licensed.deals,available,68,5%,8,"Business,Healthcare,Insurance",,,
deuce.deals,available,66,8%,5,Sports,,,
xii.deals,available,66,10%,3,Mathematics,,,
acrobatic.deals,available,66,4%,9,"Entertainment,Sports",,,
xvii.deals,available,66,5%,4,Mathematics,,,
according.deals,available,66,3%,9,"Business,Education,Technology",,,
xviii.deals,available,66,4%,5,Mathematics,,,
adorned.deals,available,66,5%,7,"Entertainment,Fashion,Retail",,,
exonerated.deals,available,66,2%,10,"Humanities,Law,Politics",,,
four.deals,available,66,27%,4,Mathematics,,,
xxvi.deals,available,66,3%,4,Mathematics,,,
xxv.deals,available,66,6%,3,Mathematics,,,
acervate.deals,available,66,1%,8,Science,,,
accessary.deals,available,66,1%,9,"Business,Law,Technology",,,
tenner.deals,available,66,4%,6,Finance,,,
maven.deals,available,66,30%,5,"Entertainment,Fashion,Technology",,,
abstinent.deals,available,66,1%,9,"Health and Fitness,Religion",,,
xxi.deals,available,66,10%,3,Mathematics,,,
clv.deals,available,66,10%,3,Mathematics,,,
ninety.deals,available,66,11%,6,Mathematics,,,
century.deals,available,66,17%,7,Education,,,
six.deals,available,66,26%,3,Mathematics,,,
eighty.deals,available,66,6%,6,Mathematics,,,
buzzing.deals,available,66,7%,7,"Entertainment,Media,Technology",,,
acappella.deals,available,66,6%,10,Entertainment,,,
thirty.deals,available,66,7%,6,Mathematics,,,
performing.deals,available,66,6%,10,Entertainment,,,
xvi.deals,available,66,4%,3,Mathematics,,,
adopted.deals,available,66,4%,7,"Education,Healthcare",,,
sextet.deals,available,66,2%,6,Entertainment,,,
xiii.deals,available,66,9%,4,Mathematics,,,
fifty.deals,available,66,13%,5,Mathematics,,,
xxii.deals,available,66,6%,4,Mathematics,,,
onec.deals,available,66,6%,5,Mathematics,,,
teenager.deals,available,66,4%,8,"Education,Entertainment,Healthcare",,,
modish.deals,available,66,5%,6,Fashion,,,
astringent.deals,available,64,1%,10,"Healthcare,Pharmaceuticals",,,
aflame.deals,available,64,3%,6,Entertainment,,,
acentric.deals,available,64,2%,8,Science,,,
nondrinker.deals,available,64,1%,10,"Health and Fitness,Religion",,,
scatty.deals,available,64,1%,6,"Arts,Entertainment,Media",,,
ccc.deals,available,64,38%,3,Mathematics,,,
rising.deals,available,64,18%,6,"Construction,Manufacturing,Real Estate",,,
adagio.deals,available,64,14%,6,Entertainment,,,
absolved.deals,available,64,1%,8,"Humanities,Law,Religion",,,
accordant.deals,available,64,3%,9,"Arts,Entertainment",,,
deviant.deals,available,64,12%,7,"Medicine,Science",,,
sixteenth.deals,available,62,1%,9,Mathematics,,,
accrued.deals,available,62,2%,7,"Banking,Finance,Insurance",,,
fortyfour.deals,available,62,6%,10,Mathematics,,,
acidic.deals,available,62,5%,6,"Food and Beverage,Science",,,
troika.deals,available,62,8%,6,Politics,,,
eleventh.deals,available,62,5%,8,Mathematics,,,
accusing.deals,available,62,1%,8,Law,,,
quartet.deals,available,62,7%,7,"Arts,Entertainment",,,
aborigine.deals,available,62,1%,9,Humanities,,,
twodozen.deals,available,62,1%,9,Mathematics,,,
ensuant.deals,available,62,1%,7,"Healthcare,Insurance,Transportation",,,
pungent.deals,available,62,1%,7,Food and Beverage,,,
roughly.deals,available,62,3%,7,"Business,Media,Technology",,,
nail.deals,available,62,16%,4,"Construction,Fashion,General,Retail",,,
aufait.deals,available,62,3%,7,"Fashion,Media",,,
adjuvant.deals,available,62,5%,8,"Healthcare,Manufacturing,Technology",,,
playacting.deals,available,62,1%,10,Entertainment,,,
longdozen.deals,available,62,1%,10,Mathematics,,,
activistic.deals,available,62,1%,10,"Humanities,Politics",,,
cumulative.deals,available,62,2%,10,"Banking,Finance,Insurance",,,
orso.deals,available,62,9%,5,"Business,Media,Technology",,,
exculpated.deals,available,62,1%,10,"Humanities,Law,Politics",,,
chiliad.deals,available,62,2%,7,Mathematics,,,
eighteenth.deals,available,62,1%,10,Mathematics,,,
adoptive.deals,available,62,1%,8,"Education,Healthcare",,,
wrapped.deals,available,62,13%,7,"Fashion,Hospitality,Retail",,,
admissible.deals,available,62,1%,10,"Education,Healthcare,Law",,,
activation.deals,available,62,16%,10,"Healthcare,Manufacturing,Technology",,,
abstemious.deals,available,60,0%,10,"Food and Beverage,Health and Fitness,Hospitality",,,
idolised.deals,available,60,1%,8,"Entertainment,Fashion,Retail",,,
adnate.deals,available,60,1%,6,"Agriculture,Manufacturing,Retail",,,
cxl.deals,available,60,7%,3,Mathematics,,,
thou.deals,available,60,7%,4,Mathematics,,,
cautionary.deals,available,60,1%,10,"Business,Education,Healthcare",,,
abashed.deals,available,60,1%,7,Humanities,,,
octet.deals,available,60,12%,5,Arts,,,
tertiary.deals,available,60,4%,8,Education,,,
acceptive.deals,available,60,1%,9,"Education,Healthcare",,,
cxlv.deals,available,60,2%,4,Mathematics,,,
clxxx.deals,available,60,1%,5,Mathematics,,,
clx.deals,available,60,8%,3,Mathematics,,,
clxxv.deals,available,60,1%,5,Mathematics,,,
abstainer.deals,available,60,0%,9,"Health and Fitness,Religion",,,
cxxxv.deals,available,60,1%,5,Mathematics,,,
cxv.deals,available,60,4%,3,Mathematics,,,
cxxx.deals,available,60,3%,4,Mathematics,,,
clxv.deals,available,60,1%,4,Mathematics,,,
idolized.deals,available,60,3%,8,"Entertainment,Fashion,Retail",,,
annexal.deals,available,60,1%,7,"Agriculture,Manufacturing,Retail",,,
paunchy.deals,available,60,0%,7,"Health and Fitness,Medicine",,,
sixty.deals,available,60,13%,5,Mathematics,,,
adnexal.deals,available,60,1%,7,"Agriculture,Manufacturing,Retail",,,
eightysix.deals,available,60,7%,10,Mathematics,,,
aboveboard.deals,available,60,5%,10,"Business,Law",,,
cxxv.deals,available,60,1%,4,Mathematics,,,
xcl.deals,available,60,5%,3,Mathematics,,,
clxx.deals,available,60,2%,4,Mathematics,,,
cxx.deals,available,60,9%,3,Mathematics,,,
tercet.deals,available,59,2%,6,"Arts,Entertainment,Media",,,
tetrad.deals,available,58,5%,6,Mathematics,,,
accoutred.deals,available,58,1%,9,"Fashion,Manufacturing,Retail",,,
seventy.deals,available,58,7%,7,Mathematics,,,
abridged.deals,available,58,4%,8,Media,,,
centesimal.deals,available,58,1%,10,Mathematics,,,
octad.deals,available,58,5%,5,Mathematics,,,
actuarial.deals,available,58,8%,9,"Finance,Insurance,Mathematics",,,
accented.deals,available,58,3%,8,"Arts,Entertainment",,,
adient.deals,available,58,4%,6,"Medicine,Science",,,
lxxx.deals,available,58,2%,4,Mathematics,,,
heptad.deals,available,58,2%,6,Mathematics,,,
sixer.deals,available,58,5%,5,Sports,,,
acetic.deals,available,58,1%,6,"Food and Beverage,Science",,,
aucourant.deals,available,58,3%,10,"Fashion,Media",,,
lxxviii.deals,available,58,1%,7,Mathematics,,,
justabout.deals,available,58,3%,10,"Business,Media,Technology",,,
fourscore.deals,available,58,4%,9,Mathematics,,,
niner.deals,available,58,5%,5,Mathematics,,,
enwrapped.deals,available,58,0%,9,"Entertainment,Fashion,Media",,,
fifth.deals,available,58,12%,5,Mathematics,,,
pentad.deals,available,58,3%,6,Mathematics,,,
closeto.deals,available,58,3%,8,"Business,Media,Technology",,,
sextuplet.deals,available,58,1%,9,Healthcare,,,
eighter.deals,available,58,2%,7,Mathematics,,,
cypher.deals,available,58,28%,6,Mathematics,,,
sixtyone.deals,available,58,5%,9,Mathematics,,,
alacarte.deals,available,58,11%,10,Food and Beverage,,,
addressed.deals,available,58,3%,9,"Business,Technology,Telecommunications",,,
addible.deals,available,58,2%,7,"Engineering,Mathematics,Science",,,
adjustive.deals,available,58,1%,9,"Manufacturing,Retail,Technology",,,
abandoned.deals,available,58,10%,9,"Construction,Real Estate",,,
linear.deals,available,58,22%,6,"Engineering,Mathematics,Science",,,
ache.deals,available,58,7%,4,Healthcare,,,
quintet.deals,available,58,8%,7,"Arts,Entertainment",,,
abused.deals,available,58,5%,6,"Healthcare,Law",,,
twelfth.deals,available,58,2%,7,Mathematics,,,
hexad.deals,available,58,5%,5,Mathematics,,,
fourth.deals,available,58,13%,6,Mathematics,,,
acyclic.deals,available,58,4%,7,"Engineering,Mathematics,Science",,,
offhanded.deals,available,58,1%,9,Entertainment,,,
adhoc.deals,available,58,24%,6,"Business,Engineering,Technology",,,
abuzz.deals,available,58,5%,5,"Entertainment,Media,Technology",,,
xlvii.deals,available,56,2%,5,Mathematics,,,
xlv.deals,available,56,6%,3,Mathematics,,,
xxxii.deals,available,56,1%,5,Mathematics,,,
thirtysix.deals,available,56,5%,10,Mathematics,,,
xxxvi.deals,available,56,1%,5,Mathematics,,,
maledict.deals,available,56,1%,8,Religion,,,
abeyant.deals,available,56,1%,7,"Business,Law",,,
fortytwo.deals,available,56,17%,9,Mathematics,,,
xliv.deals,available,56,3%,4,Mathematics,,,
ilx.deals,available,56,6%,3,Mathematics,,,
terzetto.deals,available,56,3%,8,Arts,,,
potbellied.deals,available,56,0%,10,"Health and Fitness,Medicine",,,
addled.deals,available,56,2%,6,Entertainment,,,
aone.deals,available,56,15%,5,Food and Beverage,,,
fiftyfive.deals,available,56,8%,10,Mathematics,,,
fortysix.deals,available,56,4%,9,Mathematics,,,
halfdozen.deals,available,56,1%,10,Mathematics,,,
fortyone.deals,available,56,5%,9,Mathematics,,,
lviii.deals,available,56,1%,5,Mathematics,,,
xlii.deals,available,56,5%,4,Mathematics,,,
xxxviii.deals,available,56,1%,7,Mathematics,,,
lvii.deals,available,56,2%,4,Mathematics,,,
admittible.deals,available,56,1%,10,"Education,Healthcare,Hospitality",,,
lii.deals,available,56,7%,3,Mathematics,,,
fiftysix.deals,available,56,4%,9,Mathematics,,,
abdominous.deals,available,56,0%,10,"Health and Fitness,Medicine",,,
thirtytwo.deals,available,56,4%,10,Mathematics,,,
fiftyone.deals,available,56,8%,9,Mathematics,,,
admittable.deals,available,56,1%,10,"Education,Healthcare,Hospitality",,,
xliii.deals,available,56,1%,5,Mathematics,,,
xli.deals,available,56,5%,3,Mathematics,,,
fiftyfour.deals,available,56,4%,10,Mathematics,,,
xxxv.deals,available,56,4%,4,Mathematics,,,
fiftytwo.deals,available,56,6%,9,Mathematics,,,
fortynine.deals,available,56,3%,10,Mathematics,,,
triad.deals,available,56,15%,5,Arts,,,
admissive.deals,available,56,1%,9,"Education,Healthcare,Hospitality",,,
xlvi.deals,available,56,3%,4,Mathematics,,,
xxix.deals,available,56,4%,4,Mathematics,,,
xxiv.deals,available,56,5%,4,Mathematics,,,
accoutered.deals,available,56,0%,10,"Fashion,Manufacturing,Retail",,,
xxvii.deals,available,56,3%,5,Mathematics,,,
liii.deals,available,56,4%,4,Mathematics,,,
thirtyone.deals,available,56,4%,10,Mathematics,,,
xxxiv.deals,available,56,1%,5,Mathematics,,,
xxxi.deals,available,56,8%,4,Mathematics,,,
appressed.deals,available,56,0%,9,"Agriculture,Manufacturing,Retail",,,
xlviii.deals,available,56,1%,6,Mathematics,,,
xxxiii.deals,available,56,2%,6,Mathematics,,,
xxiii.deals,available,56,4%,5,Mathematics,,,
xxxvii.deals,available,56,2%,6,Mathematics,,,
fiftynine.deals,available,56,4%,10,Mathematics,,,
xxviii.deals,available,56,1%,6,Mathematics,,,
unnatural.deals,available,54,4%,9,"Medicine,Science",,,
ternion.deals,available,54,3%,7,Mathematics,,,
adaxial.deals,available,54,2%,7,Science,,,
aboral.deals,available,54,2%,6,Science,,,
scratchy.deals,available,54,3%,8,Fashion,,,
viii.deals,available,54,6%,4,Mathematics,,,
accentual.deals,available,54,3%,9,"Arts,Entertainment",,,
abducens.deals,available,54,1%,8,Medicine,,,
admonitory.deals,available,54,0%,10,"Business,Education,Healthcare",,,
twoscore.deals,available,54,2%,8,Mathematics,,,
deserted.deals,available,54,3%,8,"Hospitality,Real Estate",,,
abatable.deals,available,54,1%,8,Law,,,
abient.deals,available,54,1%,6,Science,,,
adducting.deals,available,54,1%,9,"Engineering,Mathematics,Science",,,
adjuratory.deals,available,54,0%,10,"Law,Politics,Religion",,,
abasic.deals,available,54,1%,6,Science,,,
abhorrent.deals,available,54,1%,9,Humanities,,,
deuceace.deals,available,54,1%,9,Sports,,,
vii.deals,available,54,13%,3,Mathematics,,,
quadruplet.deals,available,54,1%,10,"Healthcare,Medicine,Science",,,
achromatic.deals,available,54,4%,10,Science,,,
adpressed.deals,available,54,0%,9,"Agriculture,Manufacturing,Retail",,,
monitory.deals,available,54,3%,8,"Business,Education,Healthcare",,,
actuated.deals,available,54,2%,8,"Automotive,Manufacturing,Technology",,,
adductive.deals,available,54,0%,9,"Engineering,Mathematics,Science",,,
accursed.deals,available,54,3%,8,"Entertainment,Media,Religion",,,
abaxial.deals,available,54,1%,7,Science,,,
threescore.deals,available,54,2%,10,Mathematics,,,
quintuplet.deals,available,54,1%,10,"Healthcare,Medicine,Science",,,
adducent.deals,available,54,1%,8,"Engineering,Mathematics,Science",,,
quatern.deals,available,54,2%,7,Mathematics,,,
acoustical.deals,available,54,4%,10,Science,,,
quaternity.deals,available,54,4%,10,Mathematics,,,
achy.deals,available,54,3%,4,Healthcare,,,
sise.deals,available,54,5%,4,Mathematics,,,
quaternion.deals,available,54,6%,10,Mathematics,,,
fortyfive.deals,available,54,5%,10,Mathematics,,,
abatic.deals,available,54,1%,6,Science,,,
iii.deals,available,54,24%,3,Mathematics,,,
sestet.deals,available,53,1%,6,Arts,,,
septet.deals,available,53,1%,6,General,,,
lxxiii.deals,available,52,2%,6,Mathematics,,,
lxi.deals,available,52,5%,3,Mathematics,,,
decumbent.deals,available,52,1%,9,"Healthcare,Medicine,Science",,,
abusive.deals,available,52,3%,7,"Healthcare,Law",,,
lxviii.deals,available,52,2%,6,Mathematics,,,
ninetytwo.deals,available,52,4%,10,Mathematics,,,
odious.deals,available,52,2%,6,"Entertainment,Humanities",,,
ixc.deals,available,52,5%,3,Mathematics,,,
uphill.deals,available,52,7%,6,"Sports,Transportation,Travel",,,
eightytwo.deals,available,52,4%,10,Mathematics,,,
sixtyfour.deals,available,52,4%,10,Mathematics,,,
lxxxvii.deals,available,52,1%,7,Mathematics,,,
xcii.deals,available,52,2%,4,Mathematics,,,
lxiii.deals,available,52,2%,5,Mathematics,,,
ixl.deals,available,52,9%,3,Mathematics,,,
lxxii.deals,available,52,1%,5,Mathematics,,,
littlejoe.deals,available,52,2%,10,"Entertainment,Media",,,
abstruse.deals,available,52,5%,8,"Humanities,Mathematics,Science",,,
lxxxi.deals,available,52,1%,5,Mathematics,,,
ninetysix.deals,available,52,4%,10,Mathematics,,,
eightyone.deals,available,52,3%,10,Mathematics,,,
aboulic.deals,available,52,1%,7,Medicine,,,
repugnant.deals,available,52,1%,9,Humanities,,,
detestable.deals,available,52,1%,10,Humanities,,,
lxxxiii.deals,available,52,1%,7,Mathematics,,,
lxii.deals,available,52,2%,4,Mathematics,,,
abominable.deals,available,52,2%,10,"Entertainment,Humanities",,,
xcvi.deals,available,52,2%,4,Mathematics,,,
ablated.deals,available,52,1%,7,Science,,,
lxxv.deals,available,52,2%,4,Mathematics,,,
lxvi.deals,available,52,3%,4,Mathematics,,,
lxvii.deals,available,52,1%,5,Mathematics,,,
repulsive.deals,available,52,1%,9,Humanities,,,
sixtytwo.deals,available,52,3%,9,Mathematics,,,
xcv.deals,available,52,7%,3,Mathematics,,,
xcviii.deals,available,52,1%,6,Mathematics,,,
lxiv.deals,available,52,3%,4,Mathematics,,,
lxxi.deals,available,52,2%,4,Mathematics,,,
tierce.deals,available,52,3%,6,General,,,
lxxxii.deals,available,52,1%,6,Mathematics,,,
lxv.deals,available,52,5%,3,Mathematics,,,
ninetyone.deals,available,52,5%,10,Mathematics,,,
lxxxvi.deals,available,52,1%,6,Mathematics,,,
lxxxv.deals,available,52,1%,5,Mathematics,,,
sixtysix.deals,available,52,5%,9,Mathematics,,,
xcvii.deals,available,52,1%,5,Mathematics,,,
xci.deals,available,52,4%,3,Mathematics,,,
abysmal.deals,available,52,4%,7,"Arts,Entertainment,Media",,,
lxxiv.deals,available,52,1%,5,Mathematics,,,
lxxvi.deals,available,52,1%,5,Mathematics,,,
adenoidal.deals,available,52,1%,9,"Health and Fitness,Medicine,Science",,,
xciii.deals,available,52,1%,5,Mathematics,,,
xciv.deals,available,52,2%,4,Mathematics,,,
lxxxiv.deals,available,52,1%,6,Mathematics,,,
lxxvii.deals,available,52,2%,6,Mathematics,,,
sixtyfive.deals,available,52,3%,10,Mathematics,,,
chagrined.deals,available,52,1%,9,Humanities,,,
abactinal.deals,available,50,0%,9,Science,,,
abducting.deals,available,50,0%,9,Medicine,,,
acetose.deals,available,50,1%,7,Science,,,
gillless.deals,available,50,0%,9,Science,,,
aborticide.deals,available,50,0%,10,Medicine,,,
acapnic.deals,available,50,0%,7,"Healthcare,Medicine,Science",,,
ogdoad.deals,available,50,1%,6,Mathematics,,,
abranchial.deals,available,50,0%,10,Science,,,
aculeated.deals,available,50,0%,9,"Engineering,Medicine,Science",,,
quint.deals,available,50,13%,5,"Arts,Entertainment",,,
trine.deals,available,50,11%,5,"General,Religion",,,
triplet.deals,available,50,8%,7,Science,,,
broached.deals,available,50,0%,8,Food and Beverage,,,
scummy.deals,available,50,1%,6,Humanities,,,
acellular.deals,available,50,1%,9,Science,,,
acetous.deals,available,50,1%,7,Science,,,
adhominem.deals,available,50,2%,10,"Humanities,Law,Politics",,,
acquitted.deals,available,50,1%,9,Law,,,
acerb.deals,available,50,2%,5,Science,,,
abomasal.deals,available,50,0%,8,Agriculture,,,
needlelike.deals,available,50,0%,10,"Engineering,Medicine,Science",,,
acerose.deals,available,50,1%,7,Science,,,
acapnotic.deals,available,50,0%,9,"Healthcare,Medicine,Science",,,
vinegary.deals,available,50,1%,8,Food and Beverage,,,
cinque.deals,available,50,7%,6,Mathematics,,,
abdicable.deals,available,50,0%,9,Law,,,
abbatial.deals,available,50,0%,8,Religion,,,
lxx.deals,available,50,5%,3,Mathematics,,,
acaudal.deals,available,50,1%,7,"Agriculture,Science",,,
spinous.deals,available,50,1%,7,"Agriculture,Science",,,
adactylous.deals,available,50,0%,10,Science,,,
acerbic.deals,available,50,2%,7,"Arts,Humanities,Media",,,
ilxx.deals,available,48,1%,4,Mathematics,,,
abstracted.deals,available,48,5%,10,"Arts,Humanities,Science",,,
apriori.deals,available,48,13%,8,Mathematics,,,
lxxxviii.deals,available,48,1%,8,Mathematics,,,
abyssal.deals,available,48,12%,7,"Arts,Entertainment,Media",,,
notguilty.deals,available,48,5%,10,Law,,,
execrable.deals,available,48,0%,9,"Entertainment,Humanities",,,
ilxxx.deals,available,48,1%,5,Mathematics,,,
acanthoid.deals,available,46,1%,9,"Agriculture,Science",,,
acetylic.deals,available,46,1%,8,Science,,,
acapnial.deals,available,46,0%,8,"Healthcare,Medicine,Science",,,
acetabular.deals,available,46,1%,10,Science,,,
acetylenic.deals,available,46,1%,10,Science,,,
stripling.deals,available,46,2%,9,"Education,Entertainment,Healthcare",,,
acephalous.deals,available,46,1%,10,Science,,,
acheronian.deals,available,46,1%,10,Humanities,,,
acanthotic.deals,available,46,0%,10,"Agriculture,Science",,,
achenial.deals,available,46,1%,8,Science,,,
quaternary.deals,available,46,3%,10,Mathematics,,,
cotyloid.deals,available,46,1%,8,Science,,,
achromic.deals,available,46,2%,8,Science,,,
achromous.deals,available,46,1%,9,Science,,,
acanthous.deals,available,46,0%,9,"Agriculture,Science",,,
acarpous.deals,available,46,0%,8,"Agriculture,Science",,,
theabsurd.deals,available,46,1%,10,"Arts,Entertainment,Media",,,
acetonic.deals,available,46,1%,8,Science,,,
stemless.deals,available,46,2%,8,"Agriculture,Science",,,
acicular.deals,available,46,2%,8,Science,,,
vinegarish.deals,available,46,1%,10,Food and Beverage,,,
acarpelous.deals,available,46,0%,10,"Agriculture,Science",,,
acaudate.deals,available,46,1%,8,"Agriculture,Science",,,
cotyloidal.deals,available,44,1%,10,Science,,,
accusatory.deals,available,44,1%,10,Law,,,
acherontic.deals,available,44,1%,10,Humanities,,,
abscessed.deals,available,41,0%,9,Healthcare,,,
phoebe.deals,available,41,14%,6,Science,,,
accusive.deals,available,40,1%,8,Law,,,
scurrilous.deals,available,40,1%,10,"Entertainment,Media,Politics",,,
accurst.deals,available,40,1%,7,Religion,,,